<?xml version="1.0"?>
<!--
/**
 * Magento
 *
 * NOTICE OF LICENSE
 *
 * This source file is subject to the Academic Free License (AFL 3.0)
 * that is bundled with this package in the file LICENSE_AFL.txt.
 * It is also available through the world-wide-web at this URL:
 * http://opensource.org/licenses/afl-3.0.php
 * If you did not receive a copy of the license and are unable to
 * obtain it through the world-wide-web, please send an email
 * to license@magento.com so we can send you a copy immediately.
 *
 * DISCLAIMER
 *
 * Do not edit or add to this file if you wish to upgrade Magento to newer
 * versions in the future. If you wish to customize Magento for your
 * needs please refer to http://www.magento.com for more information.
 *
 * @category    Mage
 * @package     Mage_Core
 * @copyright   Copyright (c) 2006-2015 X.commerce, Inc. (http://www.magento.com)
 * @license     http://opensource.org/licenses/afl-3.0.php  Academic Free License (AFL 3.0)
 */
-->
<config>
    <global>
        <install>
            <date><![CDATA[Sat, 22 Aug 2015 07:43:29 +0000]]></date>
        </install>
        <crypt>
            <key><![CDATA[3ac40b99cc99cd0bae6a216b60a584a6]]></key>
        </crypt>
        <disable_local_modules>false</disable_local_modules>
        <resources>
            <db>
                <table_prefix><![CDATA[]]></table_prefix>
            </db>
            <default_setup>
                <connection>
                    <host><![CDATA[localhost]]></host>
                    <username><![CDATA[root]]></username>
                    <password><![CDATA[root]]></password>
                    <dbname><![CDATA[multidesignertool]]></dbname>
                    <initStatements><![CDATA[SET NAMES utf8]]></initStatements>
                    <model><![CDATA[mysql4]]></model>
                    <type><![CDATA[pdo_mysql]]></type>
                    <pdoType><![CDATA[]]></pdoType>
                    <active>1</active>
                </connection>
            </default_setup>
        </resources>
        <session_save><![CDATA[files]]></session_save>
    </global>
    <admin>
        <routers>
            <adminhtml>
                <args>
                    <frontName><![CDATA[admin]]></frontName>
                </args>
            </adminhtml>
        </routers>
    </admin>
</config>
